,q1,q3,iqr,lower_bound,upper_bound,outlier_count,outlier_rate
TotalPrice,410.52,1578.475,1167.955,-1341.4125,3330.4075,8,0.006666666666666667
ComputedGrossPrice,410.52,1578.475,1167.955,-1341.4125,3330.4075,8,0.006666666666666667
GrossCartValue,776.605,2891.9475,2115.3425,-2396.40875,6064.96125,8,0.006666666666666667
UnpurchasedCartValue,193.595,1443.9975,1250.4025,-1682.0087499999997,3319.6012499999997,8,0.006666666666666667
UnitPrice,186.0625,521.5699999999999,335.50749999999994,-317.1987499999999,1024.8312499999997,0,0.0
CartUtilization,0.4,0.75,0.35,-0.12499999999999989,1.275,0,0.0
AddressNumber,326.75,803.25,476.5,-388.0,1518.0,0,0.0
